{
  "data": [
    {
      "name": "Abreeza Mall",
      "catalog": "shopping",
      "sub_catalog": null,
      "slug": "abreeza-mall",
      "details": "Details Details Details Details Details Details",
      "order": 1000,
      "address": "Abreeza Mall, J.P. Laurel Ave, Poblacion District, Davao City, 8000 Davao del Sur",
      "phone": "(082) 295 3301",
      "email": "",
      "business_hours": "10:00am-9:00pm",
      "tags": []
    },
    {
      "name": "SM Lanang Premier",
      "catalog": "shopping",
      "sub_catalog": null,
      "slug": "sm-lanang-premier",
      "details": "Details Details Details Details Details Details",
      "order": 1000,
      "address": "J.P. Laurel Ave, Agdao, Davao City, 8000 Davao del Sur",
      "phone": "(082) 285 0943",
      "email": "",
      "business_hours": "10:00am-9:00pm",
      "tags": []
    },
    {
      "name": "Gaisano Grand Citimall Illustre",
      "catalog": "shopping",
      "sub_catalog": null,
      "slug": "gaisano-grand-citimall-illustre",
      "details": "Details Details Details Details Details Details",
      "order": 1000,
      "address": " Ilustre St, Poblacion District, Davao City, 8000 Davao del Sur",
      "phone": "(082) 224 0811",
      "email": "",
      "business_hours": "10:00am-7:00pm",
      "tags": []
    },
    {
      "name": "NCCC Mall VP",
      "catalog": "shopping",
      "sub_catalog": null,
      "slug": "nccc-mall-vp",
      "details": "Details Details Details Details Details Details",
      "order": 1000,
      "address": "J.P. Laurel Avenue Bajada, J.P. Laurel Ave, Poblacion District, Davao City, Davao del Sur",
      "phone": "0915 182 2889",
      "email": "",
      "business_hours": "10:00am-6:00pm",
      "tags": []
    },
    {
      "name": "Felcris Centrale Mall",
      "catalog": "shopping",
      "sub_catalog": null,
      "slug": "felcris-centrale-mall",
      "details": "Details Details Details Details Details Details",
      "order": 1000,
      "address": "Quimpo Boulevard, Davao City, Philippines",
      "phone": "0922 825 2893",
      "email": "",
      "business_hours": "10:00am-9:00pm",
      "tags": []
    },
    {
      "name": "Gaisano Grand Citygate Mall Davao",
      "catalog": "shopping",
      "sub_catalog": null,
      "slug": "gaisano-grand-citygate-mall-davao",
      "details": "Details Details Details Details Details Details",
      "order": 1000,
      "address": "Buhangin, Davao City, 8000 Davao del Sur",
      "phone": "(082) 221 6222",
      "email": "",
      "business_hours": "10:00am-8:00pm",
      "tags": []
    },
    {
      "name": "Robinsons Cybergate Davao",
      "catalog": "shopping",
      "sub_catalog": null,
      "slug": "robinsons-cybergate-davao",
      "details": "Details Details Details Details Details Details",
      "order": 1000,
      "address": "Robinsons Cybergate, J.P. Laurel Ave, Buhangin, Davao City, 8000 Davao del Sur",
      "phone": "(082) 282 1088",
      "email": "",
      "business_hours": "10:00am-9:00pm",
      "tags": []
    },
    {
      "name": "club echelon",
      "catalog": "entertainment",
      "sub_catalog": "bar",
      "slug": "club-echelon",
      "details": "Details Details Details Details Details Details",
      "order": 1000,
      "address": "",
      "phone": "",
      "email": "",
      "business_hours": "",
      "tags": []
    },
    {
      "name": "the grid alley bar",
      "catalog": "entertainment",
      "sub_catalog": "bar",
      "slug": "the-grid-alley-bar",
      "details": "Details Details Details Details Details Details",
      "order": 1000,
      "address": "",
      "phone": "",
      "email": "",
      "business_hours": "",
      "tags": []
    },
    {
      "name": "potions bar & lounge",
      "catalog": "entertainment",
      "sub_catalog": "bar",
      "slug": "potions-bar-and-lounge",
      "details": "Details Details Details Details Details Details",
      "order": 1000,
      "address": "",
      "phone": "",
      "email": "",
      "business_hours": "",
      "tags": []
    },
    {
      "name": "rancho palos verdes golf & country club",
      "catalog": "entertainment",
      "sub_catalog": "golf",
      "slug": "rancho-palos-verdes-golf-and-country-club",
      "details": "Details Details Details Details Details Details",
      "order": 1000,
      "address": "",
      "phone": "",
      "email": "",
      "business_hours": "",
      "tags": []
    },
    {
      "name": "apo golf & country club",
      "catalog": "entertainment",
      "sub_catalog": "golf",
      "slug": "apo-golf-and-country-club",
      "details": "Details Details Details Details Details Details",
      "order": 1000,
      "address": "",
      "phone": "",
      "email": "",
      "business_hours": "",
      "tags": []
    },
    {
      "name": "south pacific golf and country club",
      "catalog": "entertainment",
      "sub_catalog": "golf",
      "slug": "south-pacific-golf-and-country-club",
      "details": "Details Details Details Details Details Details",
      "order": 1000,
      "address": "",
      "phone": "",
      "email": "",
      "business_hours": "",
      "tags": []
    },
    {
      "name": "thai boran",
      "catalog": "entertainment",
      "sub_catalog": "massage",
      "slug": "thai-boran",
      "details": "Details Details Details Details Details Details",
      "order": 1000,
      "address": "",
      "phone": "",
      "email": "",
      "business_hours": "",
      "tags": []
    },
    {
      "name": "heavens nest spa",
      "catalog": "entertainment",
      "sub_catalog": "massage",
      "slug": "heavens-nest-spa",
      "details": "Details Details Details Details Details Details",
      "order": 1000,
      "address": "",
      "phone": "",
      "email": "",
      "business_hours": "",
      "tags": []
    },
    {
      "name": "opal jhane thai massage spa",
      "catalog": "entertainment",
      "sub_catalog": "massage",
      "slug": "opal-jhane-thai-massage-spa",
      "details": "Details Details Details Details Details Details",
      "order": 1000,
      "address": "",
      "phone": "",
      "email": "",
      "business_hours": "",
      "tags": []
    },
    {
      "name": "red dot sports house",
      "catalog": "entertainment",
      "sub_catalog": "shooting",
      "slug": "red-dot-sports-house",
      "details": "Details Details Details Details Details Details",
      "order": 1000,
      "address": "",
      "phone": "",
      "email": "",
      "business_hours": "",
      "tags": []
    },
    {
      "name": "armscor shooting center inc., davao",
      "catalog": "entertainment",
      "sub_catalog": "shooting",
      "slug": "armscor-shooting-center",
      "details": "Details Details Details Details Details Details",
      "order": 1000,
      "address": "",
      "phone": "",
      "email": "",
      "business_hours": "",
      "tags": []
    },
    {
      "name": "target alpha shooting range",
      "catalog": "entertainment",
      "sub_catalog": "shooting",
      "slug": "target-alpha-shooting-range",
      "details": "Details Details Details Details Details Details",
      "order": 1000,
      "address": "",
      "phone": "",
      "email": "",
      "business_hours": "",
      "tags": []
    }
  ]
}
